{"off_acc": [0.00465, 0.015, 0.05795002], "off_p": 176.2726, "off_gyro": [6.9986, -0.9856001, 9.265599], "off_r": -10.523}